x	y	clusters
0.13492160101	-21.6815760003	0
0.633568741096	-20.838488839	0
1.22980361604	-5.86550924696	4
-5.19904111609	-8.55228849193	1
-7.28374219898	17.8827144291	8
15.6361506228	-11.9517385285	0
1.39140711963	-10.4897382776	4
7.21214048912	-11.7682436842	0
-17.3563280252	-6.8574842392	2
-18.1978383016	15.0274765968	8
-10.4634571537	2.70536453008	5
13.6223545137	1.24541790089	0
-1.91256168528	-7.36368277331	1
-19.1106185899	12.53147701	8
-8.01377464563	-5.63259370016	1
1.59992367522	-2.78003482603	4
-3.90977967769	-1.72891223195	4
11.2421917616	3.68043380962	0
-21.1607016281	16.3118811727	8
3.94750579785	-1.45506668016	4
-7.47445456894	20.8436372235	5
-0.399350264169	4.09140922436	4
-14.7825943304	6.79260035166	4
6.61599600805	19.0610881505	5
13.2865326253	-2.33068322212	0
15.1114264364	-3.44692707839	0
17.0654976472	-10.2511066027	0
19.6749714337	-9.16292248563	9
14.7934393119	-7.41785210561	0
-0.58940608965	-4.9029937397	4
-13.7661186713	-4.0471523637	2
-21.4501696979	8.36579951879	8
-3.26599291683	11.6241396837	5
-18.0559653127	14.9941423281	8
-14.1398009668	-4.45510297867	2
-12.7422646066	15.8557829987	3
8.92622061764	2.07811840697	0
-18.1634069366	15.2671028824	8
-17.3395087813	-4.08158463853	2
-19.8725213565	12.7837568522	8
-1.92264546067	-7.35984862496	1
-1.83392104037	-0.759295899903	4
12.5277995116	-6.23277655697	0
-21.1737809277	15.399237023	8
-25.6654661081	12.536581577	3
-25.2442785674	13.7190757691	3
-14.1554358521	6.33611123511	4
-14.5112496212	5.12107802632	4
18.7422476916	-7.44899065683	9
17.0854811091	-10.3087447789	9
-1.95850560436	5.74275000465	4
-14.618088697	-4.3697867157	2
11.6512937499	-6.23570773446	0
16.4014112855	1.26522531526	7
11.8627893147	-6.07220734986	0
10.7134236451	-0.519407943724	0
16.5207548702	-19.8372948968	6
0.0423916545848	6.14430228724	4
2.09867770237	-3.72237886694	4
-6.47647026684	6.34105314675	4
-17.834535841	15.0860054567	8
-2.03803284525	1.7412620965	4
-1.67842966914	6.79301728112	4
5.23960407346	-2.61686682437	0
21.2361659955	-2.26195523993	7
-18.5534843752	16.9608658769	8
-11.9862247713	-6.8637461761	2
-12.5043518425	17.6753361726	3
7.74871712053	4.25983827239	0
-4.35949561645	1.76885191904	4
-20.1413959705	16.2062974345	8
3.02805102507	2.55307909734	4
-7.73360258189	3.14402607888	5
2.46306605175	4.25828032746	4
-8.98050539592	15.5662188285	3
3.59539301835	-14.3401093711	0
6.645020288	19.5013316182	5
-15.1043192005	8.92052958865	8
-19.1580734816	16.4690082886	8
10.4743951333	1.10144483425	0
-5.99739558684	12.7648382465	5
-7.16808154837	-6.50393752588	1
13.8933258252	-5.06351104697	0
0.574659970783	14.2919385128	5
4.65131022512	6.35099137348	4
0.0562643809664	-20.7422044285	0
16.5835381774	-16.1381644044	0
4.85872577296	-12.4749248404	0
-5.88289511678	8.82457267678	4
-6.23434071478	-5.9052471489	1
1.63314556638	-3.44390449496	4
-18.5931772516	8.97245293695	8
-2.60227725341	13.6674362502	5
-2.29138479069	14.7002290454	5
-3.38816169791	-7.03105403615	1
-6.12656955837	2.25183340222	4
18.0089714144	-7.97037663212	9
1.72126877993	-0.513406446912	4
-15.6697531651	2.08356049963	3
12.5108050944	-3.07034315439	0
-1.54586009763	-5.35824154574	1
5.6014600454	16.8805457374	5
-5.35254380609	-6.49051796512	1
-2.32507126322	4.31760597012	4
0.082198279737	1.449001652	4
-6.46586992278	-5.01910499069	1
-4.77508908291	-7.84604569432	1
6.42365334121	-0.690702754663	0
-1.67484355116	-11.0393781742	1
-18.6170622396	8.71431251684	8
-13.6136236173	6.2907621635	4
1.31349205179	2.46140527045	4
-8.96095224179	22.1206324695	5
13.9308104257	-1.77120809505	0
-10.2031056774	-3.81311586525	2
-11.3666106478	-7.75029767445	2
-6.40191838295	6.43677935399	4
-7.09945406028	-4.14948685019	1
0.271929653726	-20.5795635896	0
-14.7188971216	-9.39492890876	2
4.08647334732	4.00737769079	4
-3.7547669124	3.45382244563	4
-18.2648491519	13.6761696525	8
-18.5010329025	15.9780397528	8
-21.3883889104	6.36887138419	8
-23.0221343295	10.714020302	3
18.7700316271	-10.9085373837	9
17.4299527442	-7.70513838662	9
-21.150009029	15.5667201709	8
0.144386785575	6.04088731237	4
-4.15795033656	-0.607429900917	4
-3.4913043279	-0.758225441555	4
-3.66306607178	-8.8373106379	1
21.6079412251	1.87113670641	7
-10.6385480308	-3.2239464556	2
-12.4825542524	18.9773367025	3
1.66705478818	-2.50427994725	4
-0.368284124066	-1.39051161925	4
-24.6540876795	14.3268333641	3
-4.35102913601	1.03294515595	4
-14.2267025552	-7.88696205955	2
1.14771481906	13.2634916472	5
9.72707149404	0.686879083241	0
3.2555072133	18.2056972104	5
-7.98528652946	3.70401480157	5
-8.35073727243	3.33078608741	5
-25.6867481536	12.6252141176	3
20.3353987589	3.8277118616	7
0.0263182451993	-5.5932119259	4
1.09549532635	0.383892992232	4
18.9909094276	7.75598042431	7
20.7124474851	5.62766247021	7
21.1748932271	5.49363241721	7
19.0540837099	5.54607974173	7
20.6513714254	6.28653928477	7
1.51739029759	-0.343438735431	4
13.4760712228	1.31365685147	0
9.12118815218	-2.19162707704	0
-2.01549759442	14.7357636642	5
-7.88260908985	20.4996145976	5
-7.82369253698	20.4735516485	5
-14.8046980069	-9.51361145066	2
-24.6908712243	12.5596968651	3
16.4484256918	-16.2118783441	0
-13.055069244	-7.20908210794	2
-5.2961631025	-7.02668097358	1
18.416904555	3.46399169341	7
9.34145976076	-4.53926192716	0
-7.59889003549	-7.88656278647	1
-3.10617947135	-5.89255421939	1
-13.414397622	17.1935182228	3
-0.664794649676	15.1715908763	5
1.1579964917	13.2352926999	5
17.6833446321	-11.7423927208	0
-6.47966041286	7.08778350915	4
13.1361093525	-2.35059241873	0
-3.31001347177	-2.58411314123	4
-15.7032438159	6.13140112472	4
-10.3547195956	3.90344947026	5
0.0453630038792	-20.7760136505	0
-0.612385804951	-21.5696319396	0
0.104076952351	-21.2143581521	0
12.0937110797	-19.6466579675	0
-5.1846722704	-4.93302238692	1
5.67348987589	18.5111774829	5
8.03995844135	-6.56315493909	0
-2.62186847359	1.87729576551	4
19.8674130493	5.44179941385	7
19.2930406482	5.59695031688	7
-2.86179376131	-10.1445818705	1
-5.74706666053	-2.07069700979	4
-4.65634047498	3.34964796978	4
6.09268388214	2.72912136311	4
-1.81700219543	-9.45106370304	1
8.23435679201	-11.4486826237	0
20.2327442661	-14.0214199953	7
19.4978710335	5.19486850706	7
-0.419725992281	-19.7649689213	0
-15.3782449809	18.8123569056	3
-11.1497255815	-2.52469942752	2
-12.3640050307	-5.58572757556	2
-13.0682360344	-9.30120291803	2
-8.04570384877	2.81676488018	5
-4.60297252353	-1.78276507534	4
12.5866352038	-5.60377535026	0
10.3706722651	0.988728215604	0
-8.64116195963	3.29440967106	5
19.6708160623	-20.1894356783	6
-23.2027551368	15.7266936072	8
0.385256275194	-21.8697028004	0
0.242352077698	-21.3092842533	0
5.30804435781	-12.9688290837	0
-20.6278839482	16.1389393784	8
19.5665472575	5.88992776455	7
19.799126154	5.19820383831	7
-10.4830293351	3.12018242002	5
-16.0017967324	-7.05600564334	2
7.52587513837	-2.58209299797	0
-3.66774493149	5.13306018139	4
-3.63191456236	2.62162479109	4
-15.0934743057	-7.19861470761	2
-2.08778050819	-10.5602913332	1
-25.6319660789	12.5245611018	3
-16.7408493861	16.3253334327	8
3.11444083911	18.1648522011	5
-4.81764179209	-3.28445352331	4
-16.0613815033	9.45825224891	8
-2.21853489833	12.2761627715	5
6.41188986052	17.956104872	5
6.30091278055	17.4613171975	5
-16.5468592013	-6.65871889898	2
-16.71727607	-6.16691685548	2
-0.981549523758	15.0286477248	5
-10.4395130854	13.8592538821	3
-3.26044053262	1.61044322933	4
6.89007859418	-3.26970886564	0
-22.1278293828	6.41703412833	8
-10.9069915241	3.64729821946	5
0.702858907831	-21.0275424883	0
11.2261641384	-3.30609058028	0
-5.42889697985	-10.8180847567	1
19.2729496001	4.80067807945	7
-22.2105483228	6.62003172852	8
-13.1385819004	-4.49574612927	2
-17.5338460614	12.5129595661	8
-7.62727565915	-5.91946588588	1
14.6775705651	-4.07532539697	0
-6.50134550705	-9.27125891294	1
-2.08403157769	2.73635863485	4
-4.28402459571	3.32004740807	4
15.8292151885	0.488023536561	7
6.08154793425	18.2002770006	5
-5.4534233544	2.68993435013	4
17.8985662628	-15.5993374268	0
0.479035410499	-21.0143804112	0
-4.85203426024	-7.63037633031	1
-11.2106704845	3.56463502776	5
19.9582343411	5.51186389212	7
-10.5452863112	-3.49152175131	2
-4.37804562976	-8.9256490149	1
-17.6271694837	17.2467174127	8
-4.53065592871	-9.31936801775	1
-6.09800373558	-7.31143000619	1
-15.9768275301	-5.9604571224	2
-0.607087726614	1.53842612932	4
-2.13444292039	5.8205235381	4
4.53734263184	0.934128605486	4
-3.06390495649	3.11095358528	4
-5.65483974808	0.678986200846	4
12.2801986465	-5.82800848963	0
-16.1225218473	6.06638645399	4
8.88156727827	-0.111674767778	0
-9.81902610111	-4.37988211215	2
-23.0997065842	4.01986594622	8
-7.80684446877	6.2032619401	4
-14.0308156233	-4.99024154766	2
-0.925522522607	1.59968691278	4
-5.62836455706	1.58696254854	4
-19.6369463098	15.495126207	8
-21.4928922348	14.8564887674	8
-3.7070794092	3.63565104415	4
-5.87897575537	3.98445766178	4
-5.97529649884	4.15424260581	4
-15.0808091348	9.25542635751	8
-8.84943627342	22.2608192562	5
-14.7434889664	6.08316502339	4
6.04290957724	17.4493807264	5
12.5536773219	-4.79626011336	0
8.02020567822	5.59747479372	0
-10.0322311801	3.50243155089	5
-5.39713842909	-7.90122437919	1
-12.0760360856	19.042706741	3
-7.69357502864	6.35285910775	4
7.45729402183	1.38443209884	0
-4.23902283959	-5.82010690153	1
4.19905748015	-1.08966156321	4
3.48437188097	9.88414012132	4
-25.1629215347	14.0908787159	3
-17.9031280282	15.9448550999	8
-10.8343290236	11.8148474572	3
5.01344614467	-8.3657354439	0
8.84618457515	-1.48392941316	0
23.4357355509	0.923411168207	7
-5.1076431729	12.5645989943	5
7.50424801173	6.23913501145	0
-15.7306530168	2.02563003128	3
-0.186439100839	-21.2059338054	0
-9.37551893136	-11.6468818363	1
4.07707249033	0.884638952713	4
-4.96062036506	0.7793187808	4
-7.10483801318	-3.98437930291	1
10.9803499055	-20.1282942919	0
-1.00282120554	3.94336762468	4
22.1666758914	1.21015956844	7
16.3547470461	-13.458750678	0
-18.0681937576	14.7758649246	8
-3.87629660272	-7.54528873971	1
-18.4484554854	15.0976430274	8
-5.00341673278	-4.72789921423	1
4.70745602937	2.59310569847	4
4.03198930311	3.70088316974	4
-10.6952821292	-4.82624646425	2
-10.4511374198	2.86684386332	5
-1.33985082029	4.20114560333	4
-4.57906587548	-0.655704395803	4
-0.442684444155	-1.32332024733	4
0.677064557167	-2.21310928977	4
-21.6198399093	15.2781801321	8
17.3357422896	9.72765194208	7
9.43917628338	-2.44340845764	0
-14.3785550901	-7.72223275072	2
2.93432522492	-2.62875240942	4
-3.84527011357	11.9573166947	5
-11.7240461867	-5.01821022118	2
-13.9358973812	-6.13328690686	2
-6.47535640678	-6.8637976998	1
11.0541061202	0.747714494399	0
24.0189146009	0.792389061537	7
6.79515732964	18.4747083566	5
6.04440443263	18.5126787113	5
10.4631917993	3.95283335562	0
0.922136718206	-2.00876721294	4
-17.6220891378	20.1274901334	8
-4.14571738232	0.161244418067	4
5.39451219127	-3.27140315788	0
-7.3474361652	-3.65705071979	1
3.16237273832	-13.2262281542	0
-7.32833706464	-0.24248416429	4
-5.91075951248	8.94679704222	4
12.3891238182	-5.31662460985	0
-10.8295436891	-1.58874365626	2
2.68604332112	-2.61596218788	4
-8.95523923929	11.3573788622	3
-21.9057316764	16.8997543359	8
5.66900007716	-3.73640077458	0
14.1362294519	-16.3841779824	0
0.326840557049	12.7710074322	5
0.906658394248	13.3928616475	5
5.93398388844	18.2304845332	5
-9.02844234818	7.2192232228	4
-2.65904693794	-9.07686611907	1
-3.94343975447	-8.36968243344	1
-17.9476795418	16.7618349448	8
-6.63598615213	-8.94667190258	1
1.35485618124	14.2998934454	5
6.14004699339	17.7601833632	5
19.4723123651	-4.17077070304	0
-3.44067193224	11.6814974869	5
-12.431978123	-6.41863641358	2
-12.834827427	-7.37347028193	2
-15.7102781103	-8.82882564523	2
-3.90877447694	-11.7895918549	1
-14.3159637668	-6.75441097482	2
-11.3416602256	10.2051567149	3
-14.8771285976	-9.9793222349	2
-2.96732225816	-8.22351158294	1
-16.979373683	-6.84430488729	2
-13.2640167895	19.088643885	3
-20.0445622798	17.6917852437	8
-2.05170085662	14.6891308407	5
-4.67304545462	-1.29246120008	4
8.47277255705	7.55922651678	0
-1.66034880598	-10.6705315959	1
-0.904480299649	-19.0018302836	0
-5.9743027031	-7.82813418379	1
-9.6503819051	11.1973866326	3
-10.3006094974	3.5992557822	5
-14.5566292254	5.27337106538	4
-9.61044744179	20.404141936	8
-22.5907590239	6.14246343758	8
12.3722556937	-5.14228986047	0
-4.6744332061	-7.72651928836	1
5.60581442327	-6.15508053809	0
17.0863955146	-1.05332607412	7
17.4481941036	2.65537686045	7
7.39758296496	17.6472359911	5
-9.69382758914	19.7798864867	8
-19.2210780839	16.5315173881	8
13.3899297627	-8.08099770448	0
12.3693185118	-5.08195431399	0
21.2195260501	-2.33254098755	0
14.1438899366	5.89649573601	7
-7.80088250753	15.1628763557	3
17.5042293022	2.71072686783	7
16.2580741003	2.52879543073	7
15.9949641953	4.4842858986	7
17.5121918595	2.22586436048	7
16.4036847206	3.53492405493	7
-14.5044246252	18.1352981453	3
-14.8058317216	-5.78889630618	2
-12.3871598481	18.2782406345	3
16.6999742484	0.267641464197	7
-12.9257186592	11.5631691359	3
-7.92700984372	13.5995392022	3
3.54680865581	-14.3757043295	0
0.178418169011	2.42180001047	4
3.80207584313	19.4525194948	5
-5.36881301278	-9.21123196261	1
-5.19405686298	-16.0701606264	0
-18.9656697178	17.716471986	8
-13.0618531479	-5.36850682854	2
16.6110040681	0.784975370088	7
16.0313700079	4.61980519735	7
-6.34102115639	-10.4772611986	1
15.753397733	-0.0600591542343	7
16.5684881232	3.27022376572	7
-2.3691095994	-11.7949375675	1
-12.3451392206	12.2766338029	3
7.20647042565	-11.8100039837	0
-3.89609866281	1.97243726487	4
-8.36476186621	20.1005639219	8
12.2073194732	-20.3140790109	0
-10.930214905	-5.83686762532	2
15.9713647877	7.54872171918	7
-24.7549213042	14.7790001442	3
-18.7260839951	9.95233281373	8
-3.22424605564	1.97964597129	4
0.0606074411627	2.56572737045	4
9.54246752079	8.46556264999	0
1.78298843455	1.6165062843	4
9.62447789699	8.21633501783	0
4.34129387853	-2.28038810144	4
-5.49308413829	-1.12968247627	4
-8.26195909373	21.1277163821	5
6.13166662224	6.95616497637	0
8.74751994331	1.03515421404	0
17.0273695442	-4.84053172317	0
18.2564976457	-8.02796663036	9
6.57875986362	9.64062876687	0
6.54444661561	9.56595911831	0
4.55257458605	15.5275232523	5
2.47049492285	17.748456811	5
11.2038742075	-5.94927313519	0
-3.31966484631	-6.12217942984	1
22.1268782416	-6.16896988539	9
12.0008977345	-13.1674683774	0
-5.16559951618	-15.8595979962	0
1.05047264382	13.3434579429	5
5.18908073046	19.2923711665	5
-1.0466095109	5.22911235549	4
-14.2893935548	-2.47550039953	2
0.923529817495	-2.10929355861	4
0.32881307383	-3.1282224856	4
-14.4069008996	18.159707759	3
-2.82269798341	-10.0387460438	1
23.8840488442	-7.38400226288	9
16.9580643709	-4.81297738254	0
24.3327132914	-6.94106131802	9
3.01279960298	-2.90801707361	4
23.7404935755	-8.91247719759	9
19.2995519376	-4.19516294276	0
-22.1754319668	6.34014266146	8
22.805639347	-9.58833531099	9
15.1059539799	-3.47785650793	0
-15.1282495945	7.89782356166	8
9.89112700708	-0.739261566401	0
5.43165565227	-23.523951611	0
7.27857917414	-17.2540015481	0
6.67653239647	16.4848645851	5
5.70819946621	18.4343089889	5
-3.27865556285	11.0262408637	5
-3.74060190378	11.2962026905	5
8.1650401426	1.39023768686	0
18.2128640186	-6.64921931911	9
23.355073016	-8.85309562325	9
21.577396487	-10.1764966008	9
4.72214466964	15.8087726096	5
-5.93938152989	-7.08054173216	1
16.9766877976	-1.57319783848	0
24.3475638482	-8.8072276912	9
22.2861215513	-10.1191401117	9
23.0307561891	-10.5981269019	9
7.19709848426	-17.1254398344	0
7.0815396674	-16.9434141203	0
6.90495958346	-16.488012014	0
22.9966705128	-10.564429072	9
-18.4053670524	8.80365463044	8
-8.17336646401	19.4665364453	8
-17.2031287137	9.61197147543	8
6.81979750755	-16.1892278373	0
6.89198545537	-16.0120687503	0
6.54256651979	-15.7616239762	0
6.29772913381	-15.5738545299	0
23.624030395	-9.05446532859	9
-14.2939523101	-5.12342471674	2
-13.4615154491	-2.76920168553	2
6.08224322814	-15.3505339541	0
22.5936750401	-9.63605454226	9
23.8856904317	-9.73278767082	9
22.9352674055	-6.12597478875	9
14.6755221997	-8.61106895544	0
15.0693611268	-9.22430124107	0
22.5810102304	-6.02885211574	9
23.2527987095	-8.53793188	9
6.13770507713	-25.5990310588	0
7.47033182252	17.4733465255	5
5.40815062336	19.9980678684	5
2.54558220555	-15.1299896042	0
5.29648710533	17.7425731293	5
-15.4947425735	-3.78273104204	2
4.79181941785	17.5920264233	5
17.3368977272	-3.58732668665	0
5.69005696223	-26.2170887719	0
5.80171860913	-26.0312959153	0
23.4917288	-8.0990114036	9
23.539946815	-8.01587159317	9
24.1865844028	-9.30295423855	9
14.381184779	-8.82427808474	0
6.18056996836	-25.5918554426	0
6.27263995596	-25.5309032946	0
0.75924201061	3.14674288573	4
-7.38058143195	3.95529872217	5
10.0992028056	-9.99856688059	0
3.0645669579	18.3186434293	5
22.9736534731	4.23690447752	7
6.40238554096	4.06673860516	4
-11.3739240871	-2.713313898	2
-13.1482933186	-6.47386672593	2
-23.4046212885	10.9081376199	3
-25.0008961384	14.2910485952	3
11.7543139967	-26.521462279	6
16.7264301745	-7.90797626001	9
15.9819589825	-17.646943905	0
14.2434372705	-16.3358134783	0
13.4924992733	-25.148141113	6
13.1728020535	-24.7892035033	6
14.85956338	-23.6675521054	6
5.68578730294	-26.1955982727	0
15.1906347906	-25.3034895539	6
15.5131304002	-23.0244909352	6
14.9335568689	-23.6137589684	6
13.10956655	-23.0346161924	6
13.6821524402	-27.1377199933	6
12.6649817675	-26.3053326949	6
14.0412900963	-26.2931857905	6
13.9262504419	-26.6980449934	6
12.9874962701	-27.0268574003	6
13.5854073102	-26.4071492113	6
13.922670688	-27.4495822564	6
12.5496237887	-27.14658999	6
12.6560422436	-27.0804907668	6
13.2186950859	-27.7615225784	6
14.1262059468	-27.0554966502	6
13.7447721893	-27.7180750756	6
13.4245424387	-27.3631170916	6
12.9024822622	-27.5506151312	6
14.8448962957	-27.1578138118	6
13.3170995651	-26.7113384267	6
12.6699934472	-26.0788244385	6
12.9823310392	-26.1936490134	6
14.8962013947	-26.3424620868	6
13.6487923286	-26.1523644344	6
12.9667432778	-26.7698978858	6
13.5494669446	-25.9523423032	6
12.349260919	-24.7319135171	6
13.0122463663	-24.1331170847	6
13.2248528012	-23.2642632109	6
12.8059269634	-24.6274701666	6
13.3825955169	-22.7552283463	6
6.84904021897	18.8681469088	5
22.793062246	-9.03666702003	9
-15.8570390777	13.6641427969	3
8.69228938247	-0.233532992697	0
0.438092454633	9.17872259022	4
23.1450686674	3.84613080663	7
-4.46703900087	9.72625140245	5
-3.82226796459	11.3485489515	5
0.096984685155	12.820302134	5
21.9630421329	1.89910582553	7
-10.0555700981	16.9626032562	3
-3.0862463125	-10.6940955155	1
-1.02496567751	-17.9883596345	0
-0.387529298002	14.3367006237	5
-0.38804736945	13.3271694573	5
-24.911082222	14.5688909942	3
15.5232008534	-11.9014763429	0
-3.7365132895	5.45645726975	4
-1.76456936124	3.88239106125	4
-7.75142903789	19.5652054669	8
-3.50835395922	10.1003337311	5
-15.7711321051	15.6293276574	3
-15.5475269314	15.6448990848	3
-11.5019352397	15.3544304282	3
-11.434161158	15.1553452576	3
-12.6379685188	14.6730540119	3
-13.6658466368	16.6633804593	3
-13.8428823765	15.1213684981	3
18.3831242772	-20.4618102751	6
19.2246086649	-19.3018676842	6
19.221243713	-19.789321663	6
18.9677724979	-20.4979873754	6
19.3152945847	-20.7248261213	6
18.6278146475	-19.96262883	6
18.4458955738	-20.9992013716	6
19.2647884394	-21.268138071	6
19.6767071313	-20.7489063356	6
8.13431017975	-6.64013780375	0
-26.5781149546	7.50128821223	3
-26.5879627308	7.49696156281	3
18.9295397372	-20.1346558478	6
19.0133538676	-20.6369525445	6
18.8438414987	-20.4718332701	6
18.4002202856	-20.2063748957	6
5.81190095527	-12.6813227845	0
-2.29069249664	-21.0127579803	0
-6.82478726435	-9.18376967283	1
-14.357171712	18.0754855858	3
2.62691372965	5.16931411962	4
-6.67996403956	19.4281328682	5
-2.78150115651	15.1636441495	5
10.3379694473	-0.65226169187	0
-10.9443468003	19.458354253	3
20.4811018575	-7.91512097638	9
14.0235319427	-4.08987148706	0
2.98042124318	6.86805491613	4
13.1597409138	-22.8729361022	6
13.1042634222	-23.1542157427	6
20.5698893138	-7.91382794413	9
22.9481995013	2.24280256024	7
23.1778012164	0.933874858917	7
23.1832022311	2.39768038235	7
-2.61609695554	0.172193727177	4
23.4267455189	1.06053150392	7
23.4530656889	2.52619278028	7
-0.204752229483	-2.96376896416	4
22.8020855948	1.70914704547	7
-0.428810470663	-2.93576959901	4
22.7947382645	1.65896781668	7
22.5323075403	4.04451108054	7
4.65097984773	-14.1979961785	0
22.7023949215	1.85285064059	7
-19.6968003888	16.5862274691	8
14.1466867136	5.88453713666	7
7.45794429074	-16.1364749114	0
21.65860085	-11.4128968832	9
23.9765024627	-9.0919668903	9
23.9278424779	-9.17775705207	9
-15.8062576498	-6.32055337005	2
16.067988364	-17.5661019799	0
-13.9213662441	14.4353900429	3
22.2043752428	2.56385098726	7
-22.6975342429	7.2661198738	8
15.2795826633	-3.00586717695	0
-2.79171605481	-10.7669424405	1
8.27415194033	-6.6705146961	0
-2.45293044129	0.230733363515	4
7.41057850855	6.48640910314	0
22.0107389074	3.39115482268	7
-0.42161331721	15.4661598758	5
-0.729694172683	13.7093609005	5
-25.8277987252	12.7590400211	3
-23.8027660927	11.1475542789	3
18.0628373949	-8.07509382399	9
17.0572994632	-5.6088843798	0
16.4698938388	-7.2903440558	9
18.6908938564	-8.0802097142	9
15.5748063079	-7.61504586599	0
17.5414014569	-6.15989670553	9
16.2742911965	-6.97117555991	9
11.8439869904	-25.7305081912	6
-12.0883721531	13.1460956176	3
-20.4235265181	15.1431297148	8
-15.7968064648	21.3999446689	3
-13.2147787958	15.6853052639	3
-20.1674422166	13.1334882258	8
-15.8009516227	21.4092981779	3
-12.7175970019	13.5236554922	3
3.50189119595	-14.3481548487	0
18.7604661506	-8.46122920467	9
-7.9552893597	21.6106924135	5
3.34327266795	4.69743196573	4
9.68515282323	0.654417929944	0
-23.4765817359	5.86697551404	8
1.43053702078	-8.34032019042	4
9.73845639151	-4.30741342497	0
-2.9347788454	9.63686351347	5
16.2900031788	-19.7535374728	6
-16.9243036428	17.786285381	8
9.66811726425	8.28816914042	0
-14.865804888	9.84354389331	8
-18.8421362553	16.1473526556	8
-9.00273020952	15.5975492643	3
-19.4577331193	9.17424264646	8
8.20957389552	4.46726590382	0
15.628460674	-2.05649712114	0
11.3472963979	-8.30483978392	0
-0.984901303215	-19.3014570933	0
4.52145646605	18.9770549346	5
4.82142741692	18.6506293355	5
-8.59421757414	5.71408817053	5
3.93149953099	-4.35795157194	4
7.640961739	-1.50506224115	0
-17.1092881445	5.64682338095	4
-19.4942315503	17.7488147595	8
-3.52913502668	0.984806137229	4
-16.5113736311	-7.40554434424	2
-14.3770683344	-8.39850247542	2
6.88917290797	-3.34955695192	0
14.1831545649	-1.27951421608	0
18.9870614918	1.38040858491	7
16.951156697	-0.0123479392241	7
-3.51686536771	-11.9572709187	1
9.5018798332	-4.50935345843	0
13.9981292188	-8.05848279768	0
8.16065865346	-6.53331645997	0
2.61997011821	5.5188742948	4
-9.89106162474	-15.826129821	0
-13.5200705554	-2.87825120248	2
19.469777146	9.28228440103	7
14.527230128	9.68707494525	7
8.49246011285	-0.851414202086	0
-10.6772154202	14.7919068189	3
-16.2796668967	-6.51875781752	2
-15.1259745307	-5.98051348107	2
-16.2919438064	-5.5445734653	2
-15.0471413193	-5.99835942318	2
-13.978758941	-7.48748517162	2
-16.2876205535	-5.45019414483	2
-24.8952277586	10.8217258129	3
16.1191120782	3.6280323421	7
2.07371503083	-2.17052293948	4
-1.02785695239	-21.9156833052	0
-0.72157232585	-19.5101573407	0
-15.1193552127	-2.62418076234	2
-8.85414904137	4.32793541425	5
-3.16405931599	9.7819157316	5
-9.18420258138	3.78413973256	5
-17.6183196288	20.2630510686	3
14.5033328477	-16.6489705936	0
-15.6529315264	2.28913798503	3
1.05540790837	0.281856036401	4
-6.14234347266	-15.8420862014	0
-0.932796060312	-8.12016893571	1
-7.99692674431	15.9342680626	3
-0.793238974075	1.05212848194	4
1.34061413929	-8.29409935213	4
-10.0127885986	14.2534385113	3
18.3711656189	1.30269358479	7
-8.27518947652	4.78264221162	5
-0.468235968272	9.08707734959	5
-25.158344854	14.3286335168	3
-3.64920989703	0.606077044494	4
8.29764832234	4.66201721292	0
-22.0261436717	6.56151701987	8
5.21600643262	2.39781755192	4
-20.45897592	16.1859393461	8
22.3912211671	-6.02763921698	9
-10.3916236399	15.6072526799	3
-10.7206796253	16.2168339296	3
-8.90055103658	21.2689347428	5
-14.4646853013	-3.73782640487	2
-13.9077094471	-5.27778717269	2
-24.3803182583	11.2297605087	3
-12.2634478018	16.7623532788	3
-15.5188148158	-5.88839450327	2
-21.7795016918	6.97494520852	8
-16.1449301868	-6.23855759133	2
-14.1845925027	-4.2408890437	2
-5.1853793299	-15.5714375872	0
-5.28646838803	-15.2292448669	0
-5.98408461444	-16.5056942251	0
11.8751052657	-21.4028177836	6
10.7431294726	-20.4087223248	0
11.8793640089	-20.787879959	0
-3.71810229145	19.9790123098	8
13.6935616804	-2.10731865721	0
3.96627762938	-4.29161196592	4
19.0049607549	1.40704768572	7
14.3883575716	-23.1524612288	6
-16.8858386005	-5.25235835177	2
-18.0950988276	-7.60805448768	2
-18.1002429503	-7.60919977547	2
9.07957642037	0.0202327171861	0
-16.7707600441	5.25861533726	4
16.182973557	10.9577175199	7
16.172721633	10.9372510435	7
9.45474394892	-27.0873524832	6
18.9231723179	4.67344935177	7
18.2807326545	5.99544443385	7
18.1947402854	5.89647379607	7
18.1142369755	5.91018686664	7
22.4002070812	-16.0602643102	9
-13.2227311341	12.9417128112	3
-11.9323433413	14.5227549263	3
0.98967317459	-7.76020939614	4
-11.1536880091	13.2232829697	3
-21.450818812	7.21480398302	8
-11.6926489072	13.6117313432	3
-14.5022083571	16.8419635523	3
-11.1336837747	20.2763013945	3
-3.23265481457	8.29378853894	5
-4.83710634496	-10.9183958432	1
-6.55203502349	-8.13684928976	1
-6.28950045838	-8.4769300126	1
-6.82357125926	-9.06974044284	1
-1.32342673934	-20.4278873259	0
11.9819964365	-13.1628355264	0
9.97258627322	-2.43940436892	0
-12.4810098148	14.9936572241	3
-21.9325834842	16.9102932239	8
-12.8629276543	14.668128884	3
-9.01393222367	17.4019090945	3
-15.3905231318	15.5130061985	3
20.2861985713	-9.55793109492	9
-2.21051111328	-1.2398556942	4
-12.034792632	13.6675948254	3
-14.5363515552	13.5983508277	3
-14.8723006297	13.5950673761	3
-13.8983459614	13.7948577046	3
-11.854485255	14.2040882679	3
-8.17210246773	13.504502767	3
-15.0147010003	7.84902952176	4
-7.71948847554	-8.21545802928	1
-5.46402132451	-9.64870075977	1
-6.79319848006	19.0083286094	5
-5.81967296055	16.9208434874	5
-18.5786313782	10.4898339751	8
-8.86126987477	18.5165327854	8
-18.4117167621	11.3923728912	8
-23.8629814875	14.0855680318	3
-4.18606401737	4.50681231191	4
-2.42849154798	10.6453080531	5
-15.4990824997	11.1202320208	8
-17.232230494	9.97512065725	8
-15.9398205725	10.5025752526	8
-18.7563050233	9.94750651543	8
-18.005249217	9.69276698158	8
-16.7998346914	10.0191669626	8
-15.6128521056	8.7975649877	8
-15.1186881889	9.39733873669	8
-16.1891509359	10.4138849012	8
-22.7660549413	14.5767716391	8
-11.672384359	13.9079805419	3
-16.6762998639	11.1489581129	8
